{
	"title": "カード",
	"categories": [
		"tt1skin"
	],
	"blockTypes": [
		"core/columns"
	],
	"content": "<!-- wp:columns {\"align\":\"wide\"} --><div class=\"wp-block-columns alignwide\"><!-- wp:column {\"className\":\"is-style-card\"} --><div class=\"wp-block-column is-style-card\"><!-- wp:image {\"sizeSlug\":\"large\",\"linkDestination\":\"none\"} --><figure class=\"wp-block-image size-large\"><img src=\"https://plchldr.co/i/640x427?bg=cccccc\" alt=\"\"/></figure><!-- /wp:image --><!-- wp:group {\"style\":{\"spacing\":{\"padding\":{\"right\":\"32px\",\"left\":\"32px\",\"bottom\":\"48px\"}}}} --><div class=\"wp-block-group\" style=\"padding-right:32px;padding-bottom:48px;padding-left:32px\"><!-- wp:heading {\"textAlign\":\"center\",\"level\":3,\"style\":{\"typography\":{\"lineHeight\":\"1\"}}} --><h3 class=\"has-text-align-center\" style=\"line-height:1\">遺言・相続の相談</h3><!-- /wp:heading --><!-- wp:paragraph --><p>遺言手続き、相続手続き関係について代行いたします。</p><!-- /wp:paragraph --><!-- wp:table --><figure class=\"wp-block-table\"><table><tbody><tr><td>所有権移転</td><td>52,500円 ～</td></tr><tr><td>公正証書遺言作成</td><td>52,500円 ～</td></tr></tbody></table></figure><!-- /wp:table --></div><!-- /wp:group --></div><!-- /wp:column --><!-- wp:column {\"className\":\"is-style-card\"} --><div class=\"wp-block-column is-style-card\"><!-- wp:image {\"sizeSlug\":\"large\",\"linkDestination\":\"none\"} --><figure class=\"wp-block-image size-large\"><img src=\"https://plchldr.co/i/640x427?bg=cccccc\" alt=\"\"/></figure><!-- /wp:image --><!-- wp:group {\"style\":{\"spacing\":{\"padding\":{\"right\":\"32px\",\"left\":\"32px\",\"bottom\":\"48px\"}}}} --><div class=\"wp-block-group\" style=\"padding-right:32px;padding-bottom:48px;padding-left:32px\"><!-- wp:heading {\"textAlign\":\"center\",\"level\":3,\"style\":{\"typography\":{\"lineHeight\":\"1\"}}} --><h3 class=\"has-text-align-center\" style=\"line-height:1\">中小企業支援</h3><!-- /wp:heading --><!-- wp:paragraph --><p>補助金申請、資金調達、事業計画計画の作成等のサポートをいたします。</p><!-- /wp:paragraph --><!-- wp:table --><figure class=\"wp-block-table\"><table><tbody><tr><td>事業計画策定支援</td><td>10万円〜</td></tr><tr><td>補助金申請支援</td><td>10万円〜</td></tr></tbody></table></figure><!-- /wp:table --></div><!-- /wp:group --></div><!-- /wp:column --><!-- wp:column {\"className\":\"is-style-card\"} --><div class=\"wp-block-column is-style-card\"><!-- wp:image {\"sizeSlug\":\"large\",\"linkDestination\":\"none\"} --><figure class=\"wp-block-image size-large\"><img src=\"https://plchldr.co/i/640x427?bg=cccccc\" alt=\"\"/></figure><!-- /wp:image --><!-- wp:group {\"style\":{\"spacing\":{\"padding\":{\"right\":\"32px\",\"left\":\"32px\",\"bottom\":\"48px\"}}}} --><div class=\"wp-block-group\" style=\"padding-right:32px;padding-bottom:48px;padding-left:32px\"><!-- wp:heading {\"textAlign\":\"center\",\"level\":3,\"style\":{\"typography\":{\"lineHeight\":\"1\"}}} --><h3 class=\"has-text-align-center\" style=\"line-height:1\">土地活用の相談</h3><!-- /wp:heading --><!-- wp:paragraph --><p>農地の売買(農地法3条許可申請)から登記までご相談に乗ります。</p><!-- /wp:paragraph --><!-- wp:table --><figure class=\"wp-block-table\"><table><tbody><tr><td>農地の売買申請</td><td>55,000円〜</td></tr><tr><td>農地以外で利用</td><td>155,000円〜</td></tr></tbody></table></figure><!-- /wp:table --></div><!-- /wp:group --></div><!-- /wp:column --></div><!-- /wp:columns -->"
}
