{
	"title": "メンバーカード",
	"categories": [
		"tt1skin"
	],
	"blockTypes": [
		"core/columns"
	],
	"content": "<!-- wp:columns {\"align\":\"wide\"} --><div class=\"wp-block-columns alignwide\"><!-- wp:column {\"style\":{\"elements\":{\"link\":{\"color\":{\"text\":\"var:preset|color|black\"}}}},\"textColor\":\"black\",\"className\":\"is-style-card\u002d\u002dmember\"} --><div class=\"wp-block-column is-style-card--member has-black-color has-text-color has-link-color\"><!-- wp:image {\"align\":\"center\",\"sizeSlug\":\"large\",\"linkDestination\":\"none\",\"className\":\"is-style-rounded\"} --><div class=\"wp-block-image is-style-rounded\"><figure class=\"aligncenter size-large\"><img src=\"https://plchldr.co/i/200x200?bg=cccccc\" alt=\"\"/></figure></div><!-- /wp:image --><!-- wp:heading {\"textAlign\":\"center\",\"level\":3,\"className\":\"is-style-default\"} --><h3 class=\"has-text-align-center is-style-default\">大田 タロウ</h3><!-- /wp:heading --><!-- wp:paragraph {\"align\":\"center\",\"textColor\":\"base\"} --><p class=\"has-text-align-center has-base-color has-text-color\"><strong>代表行政書士</strong></p><!-- /wp:paragraph --></div><!-- /wp:column --><!-- wp:column {\"style\":{\"elements\":{\"link\":{\"color\":{\"text\":\"var:preset|color|black\"}}}},\"textColor\":\"black\",\"className\":\"is-style-card\u002d\u002dmember\"} --><div class=\"wp-block-column is-style-card--member has-black-color has-text-color has-link-color\"><!-- wp:image {\"align\":\"center\",\"sizeSlug\":\"large\",\"linkDestination\":\"none\",\"className\":\"is-style-rounded\"} --><div class=\"wp-block-image is-style-rounded\"><figure class=\"aligncenter size-large\"><img src=\"https://plchldr.co/i/200x200?bg=cccccc\" alt=\"\"/></figure></div><!-- /wp:image --><!-- wp:heading {\"textAlign\":\"center\",\"level\":3,\"className\":\"is-style-default\"} --><h3 class=\"has-text-align-center is-style-default\">鈴木 一平</h3><!-- /wp:heading --><!-- wp:paragraph {\"align\":\"center\",\"textColor\":\"base\"} --><p class=\"has-text-align-center has-base-color has-text-color\"><strong>行政書士</strong></p><!-- /wp:paragraph --></div><!-- /wp:column --><!-- wp:column {\"style\":{\"elements\":{\"link\":{\"color\":{\"text\":\"var:preset|color|black\"}}}},\"textColor\":\"black\",\"className\":\"is-style-card\u002d\u002dmember\"} --><div class=\"wp-block-column is-style-card--member has-black-color has-text-color has-link-color\"><!-- wp:image {\"align\":\"center\",\"sizeSlug\":\"large\",\"linkDestination\":\"none\",\"className\":\"is-style-rounded\"} --><div class=\"wp-block-image is-style-rounded\"><figure class=\"aligncenter size-large\"><img src=\"https://plchldr.co/i/200x200?bg=cccccc\" alt=\"\"/></figure></div><!-- /wp:image --><!-- wp:heading {\"textAlign\":\"center\",\"level\":3,\"className\":\"is-style-default\"} --><h3 class=\"has-text-align-center is-style-default\">山森 ハナ</h3><!-- /wp:heading --><!-- wp:paragraph {\"align\":\"center\",\"textColor\":\"base\"} --><p class=\"has-text-align-center has-base-color has-text-color\"><strong>行政書士</strong></p><!-- /wp:paragraph --></div><!-- /wp:column --></div><!-- /wp:columns -->"
}