{
    "name": "samurai",
    "version": "0.1.4",
    "settings": {
        "google_fonts_url": "https://fonts.googleapis.com/css2?family=Noto+Serif+JP:wght@300;400;700&display=swap",
        "color": {
            "palette": [
                {
                    "name": "Primary",
                    "slug": "primary",
                    "color": "#054085"
                },
                {
                    "name": "Primary Dark",
                    "slug": "primary-dark",
                    "color": "#032043"
                },
                {
                    "name": "Body",
                    "slug": "body",
                    "color": "#4B4B4B"
                },
                {
                    "name": "White",
                    "slug": "white",
                    "color": "#FFFFFF"
                },
                {
                    "name": "Base",
                    "slug": "base",
                    "color": "#F8F8F8"
                },
                {
                    "name": "Accent 01",
                    "slug": "accent-01",
                    "color": "#FFEC46"
                },
                {
                    "name": "Accent 02",
                    "slug": "accent-02",
                    "color": "#627302"
                },
                {
                    "name": "Accent 03",
                    "slug": "accent-03",
                    "color": "#B02519"
                }
            ]
        }
    },
    "block_pattern" : [
        "card--member",
        "card"
    ]
}
