{
	"title": "メンバーカード",
	"categories": [
		"tt1skin"
	],
	"blockTypes": [
		"core/columns"
	],
	"content": "<!-- wp:columns {\"align\":\"wide\"} -->\n<div class=\"wp-block-columns alignwide\"><!-- wp:column {\"className\":\"is-style-card\\u002d\\u002dmember\"} -->\n<div class=\"wp-block-column is-style-card--member\"><!-- wp:image {\"sizeSlug\":\"large\",\"linkDestination\":\"none\",\"className\":\"is-style-rounded\"} -->\n<figure class=\"wp-block-image size-large is-style-rounded\"><img src=\"https://plchldr.co/i/200x200?bg=cccccc\" alt=\"\"/></figure>\n<!-- /wp:image -->\n\n<!-- wp:group {\"className\":\"area-texts\"} -->\n<div class=\"wp-block-group area-texts\"><!-- wp:heading {\"textAlign\":\"center\",\"level\":3,\"style\":{\"typography\":{\"lineHeight\":\"1\"}}} -->\n<h3 class=\"has-text-align-center\" style=\"line-height:1\">MEMBER1</h3>\n<!-- /wp:heading -->\n\n<!-- wp:paragraph {\"align\":\"center\",\"textColor\":\"base\"} -->\n<p class=\"has-text-align-center has-base-color has-text-color\">HEAD Brewer / Programmer</p>\n<!-- /wp:paragraph --></div>\n<!-- /wp:group -->\n\n<!-- wp:social-links {\"iconColor\":\"base\",\"iconColorValue\":\"#FBFBFB\",\"iconBackgroundColor\":\"body\",\"iconBackgroundColorValue\":\"#1C0120\",\"align\":\"center\",\"className\":\"items-justified-space-between is-style-twentytwentyone-social-icons-color\"} -->\n<ul class=\"wp-block-social-links aligncenter has-icon-color has-icon-background-color items-justified-space-between is-style-twentytwentyone-social-icons-color\"><!-- wp:social-link {\"url\":\"#\",\"service\":\"instagram\"} /-->\n\n<!-- wp:social-link {\"url\":\"#\",\"service\":\"facebook\"} /-->\n\n<!-- wp:social-link {\"url\":\"#\",\"service\":\"twitter\"} /-->\n\n<!-- wp:social-link {\"url\":\"#\",\"service\":\"wordpress\"} /--></ul>\n<!-- /wp:social-links --></div>\n<!-- /wp:column -->\n\n<!-- wp:column {\"className\":\"is-style-card\\u002d\\u002dmember\"} -->\n<div class=\"wp-block-column is-style-card--member\"><!-- wp:image {\"sizeSlug\":\"large\",\"linkDestination\":\"none\",\"className\":\"is-style-rounded\"} -->\n<figure class=\"wp-block-image size-large is-style-rounded\"><img src=\"https://plchldr.co/i/200x200?bg=cccccc\" alt=\"\"/></figure>\n<!-- /wp:image -->\n\n<!-- wp:group {\"className\":\"area-texts\"} -->\n<div class=\"wp-block-group area-texts\"><!-- wp:heading {\"textAlign\":\"center\",\"level\":3,\"style\":{\"typography\":{\"lineHeight\":\"1\"}}} -->\n<h3 class=\"has-text-align-center\" style=\"line-height:1\">MEMBER2</h3>\n<!-- /wp:heading -->\n\n<!-- wp:paragraph {\"align\":\"center\",\"textColor\":\"base\"} -->\n<p class=\"has-text-align-center has-base-color has-text-color\">Brewer / Photographer</p>\n<!-- /wp:paragraph --></div>\n<!-- /wp:group -->\n\n<!-- wp:social-links {\"iconColor\":\"base\",\"iconColorValue\":\"#FBFBFB\",\"iconBackgroundColor\":\"body\",\"iconBackgroundColorValue\":\"#1C0120\",\"align\":\"center\",\"className\":\"items-justified-space-between is-style-twentytwentyone-social-icons-color\"} -->\n<ul class=\"wp-block-social-links aligncenter has-icon-color has-icon-background-color items-justified-space-between is-style-twentytwentyone-social-icons-color\"><!-- wp:social-link {\"url\":\"#\",\"service\":\"instagram\"} /-->\n\n<!-- wp:social-link {\"url\":\"#\",\"service\":\"facebook\"} /-->\n\n<!-- wp:social-link {\"url\":\"#\",\"service\":\"twitter\"} /-->\n\n<!-- wp:social-link {\"url\":\"#\",\"service\":\"wordpress\"} /--></ul>\n<!-- /wp:social-links --></div>\n<!-- /wp:column -->\n\n<!-- wp:column {\"className\":\"is-style-card\\u002d\\u002dmember\"} -->\n<div class=\"wp-block-column is-style-card--member\"><!-- wp:image {\"sizeSlug\":\"large\",\"linkDestination\":\"none\",\"className\":\"is-style-rounded\"} -->\n<figure class=\"wp-block-image size-large is-style-rounded\"><img src=\"https://plchldr.co/i/200x200?bg=cccccc\" alt=\"\"/></figure>\n<!-- /wp:image -->\n\n<!-- wp:group {\"className\":\"area-texts\"} -->\n<div class=\"wp-block-group area-texts\"><!-- wp:heading {\"textAlign\":\"center\",\"level\":3,\"style\":{\"typography\":{\"lineHeight\":\"1\"}}} -->\n<h3 class=\"has-text-align-center\" style=\"line-height:1\">MEMBER3</h3>\n<!-- /wp:heading -->\n\n<!-- wp:paragraph {\"align\":\"center\",\"textColor\":\"base\"} -->\n<p class=\"has-text-align-center has-base-color has-text-color\">Brewer / Videographer</p>\n<!-- /wp:paragraph --></div>\n<!-- /wp:group -->\n\n<!-- wp:social-links {\"iconColor\":\"base\",\"iconColorValue\":\"#FBFBFB\",\"iconBackgroundColor\":\"body\",\"iconBackgroundColorValue\":\"#1C0120\",\"align\":\"center\",\"className\":\"items-justified-space-between is-style-twentytwentyone-social-icons-color\"} -->\n<ul class=\"wp-block-social-links aligncenter has-icon-color has-icon-background-color items-justified-space-between is-style-twentytwentyone-social-icons-color\"><!-- wp:social-link {\"url\":\"#\",\"service\":\"instagram\"} /-->\n\n<!-- wp:social-link {\"url\":\"#\",\"service\":\"facebook\"} /-->\n\n<!-- wp:social-link {\"url\":\"#\",\"service\":\"twitter\"} /-->\n\n<!-- wp:social-link {\"url\":\"#\",\"service\":\"wordpress\"} /--></ul>\n<!-- /wp:social-links --></div>\n<!-- /wp:column --></div>\n<!-- /wp:columns -->\n\n<!-- wp:paragraph -->\n<p></p>\n<!-- /wp:paragraph -->"
}