{
	"title": "キービジュアル",
	"categories": [
		"tt1skin"
	],
	"blockTypes": [
		"core/columns"
	],
	"content": "<!-- wp:group {\"align\":\"full\"} --><div class=\"wp-block-group alignfull\"><!-- wp:group {\"align\":\"full\",\"className\":\"tt1flower-home-intro\"} --><div class=\"wp-block-group alignfull tt1flower-home-intro\"><!-- wp:group {\"align\":\"full\",\"className\":\"ttlflower-top-visual\"} --><div class=\"wp-block-group alignfull ttlflower-top-visual\"><!-- wp:gallery {\"linkTo\":\"none\",\"align\":\"wide\"} --><figure class=\"wp-block-gallery alignwide has-nested-images columns-default is-cropped\"><!-- wp:image {\"sizeSlug\":\"large\",\"linkDestination\":\"none\"} --><figure class=\"wp-block-image size-large\"><img src=\"https://plchldr.co/i/600x600?bg=cccccc\" alt=\"\"/></figure><!-- /wp:image --><!-- wp:image {\"sizeSlug\":\"large\",\"linkDestination\":\"none\"} --><figure class=\"wp-block-image size-large\"><img src=\"https://plchldr.co/i/820x820?bg=cccccc\" alt=\"\"/></figure><!-- /wp:image --><!-- wp:image {\"sizeSlug\":\"large\",\"linkDestination\":\"none\"} --><figure class=\"wp-block-image size-large\"><img src=\"https://plchldr.co/i/420x420?bg=cccccc\" alt=\"\"/></figure><!-- /wp:image --></figure><!-- /wp:gallery --><!-- wp:columns {\"align\":\"full\"} --><div class=\"wp-block-columns alignfull\"><!-- wp:column --><div class=\"wp-block-column\"><!-- wp:paragraph {\"align\":\"center\",\"style\":{\"typography\":{\"lineHeight\":\"1\"}},\"fontSize\":\"large\"} --><p class=\"has-text-align-center has-large-font-size\" style=\"line-height:1\">リードテキスト</p><!-- /wp:paragraph --><!-- wp:heading {\"textAlign\":\"center\",\"level\":1,\"style\":{\"typography\":{\"lineHeight\":\"1\"}},\"fontSize\":\"extra-large\"} --><h1 class=\"has-text-align-center has-extra-large-font-size\" id=\"サイトタイトル的な何か\" style=\"line-height:1\">サイトタイトル的な何か</h1><!-- /wp:heading --></div><!-- /wp:column --><!-- wp:column --><div class=\"wp-block-column\"><!-- wp:paragraph {\"align\":\"center\",\"style\":{\"typography\":{\"fontSize\":\"70px\"}}} --><p class=\"has-text-align-center\" style=\"font-size:70px\">A Wonderful Life<br>with Flowers</p><!-- /wp:paragraph --></div><!-- /wp:column --></div><!-- /wp:columns --></div><!-- /wp:group --></div><!-- /wp:group --></div><!-- /wp:group -->"
}