{
	"title": "イントロダクション",
	"categories": [
		"tt1skin"
	],
	"blockTypes": [
		"core/columns"
	],
	"content": "<!-- wp:group {\"align\":\"full\",\"className\":\"tt1flower-home-intro\"} -->\n<div class=\"wp-block-group alignfull tt1flower-home-intro\"><!-- wp:media-text {\"align\":\"full\",\"mediaId\":114,\"mediaLink\":\"https://plchldr.co/i/640x640?bg=cccccc\",\"mediaType\":\"image\",\"imageFill\":true,\"className\":\"main\"} -->\n<div class=\"wp-block-media-text alignfull is-stacked-on-mobile is-image-fill main\"><figure class=\"wp-block-media-text__media\" style=\"background-image:url(https://plchldr.co/i/640x640?bg=cccccc);background-position:50% 50%\"><img src=\"https://plchldr.co/i/640x640?bg=cccccc\" alt=\"\" class=\"wp-image-114 size-full\"/></figure><div class=\"wp-block-media-text__content\"><!-- wp:heading -->\n<h2 id=\"hello-i-am-hana-1\">Hello! <br>I am HANA</h2>\n<!-- /wp:heading -->\n\n<!-- wp:paragraph -->\n<p>こんにちは、フラワーデザイナーのHANAです。約10年の修行期間を経て独立し、現在は結婚式やイベントなどに限らす「日常に花を」をモチーフに個人向けのアレンジメントをしています。</p>\n<!-- /wp:paragraph -->\n\n<!-- wp:paragraph -->\n<p>の修行期間を経て独立し、現在は結婚式やイベントなどに限らす「日常に花を」をモチーフに個人向けのアレンジメントをしています。</p>\n<!-- /wp:paragraph -->\n\n<!-- wp:heading {\"level\":3} -->\n<h3 id=\"実績\">実績</h3>\n<!-- /wp:heading -->\n\n<!-- wp:list -->\n<ul><li>2021年05月 XXXXX Best Florist賞</li><li>2020年12月 大阪駅構内に「Winter Times」展示</li><li>20XX年XX月 XXXXXXXXXXXXXXXXXXXXXXXXXX</li><li>20XX年XX月 XXXXXXXXXXXXXXXXXXXXXXXXXX</li><li>20XX年XX月 XXXXXXXXXXXXXXXXXXXXXXXXXX</li></ul>\n<!-- /wp:list --></div></div>\n<!-- /wp:media-text -->\n\n<!-- wp:media-text {\"align\":\"full\",\"mediaPosition\":\"right\",\"mediaId\":41,\"mediaLink\":\"https://plchldr.co/i/450x450?bg=cccccc\",\"mediaType\":\"image\",\"imageFill\":true} -->\n<div class=\"wp-block-media-text alignfull has-media-on-the-right is-stacked-on-mobile is-image-fill\"><figure class=\"wp-block-media-text__media\" style=\"background-image:url(https://plchldr.co/i/450x450?bg=cccccc);background-position:50% 50%\"><img src=\"https://plchldr.co/i/450x450?bg=cccccc\" alt=\"\" class=\"wp-image-41 size-full\"/></figure><div class=\"wp-block-media-text__content\"><!-- wp:columns -->\n<div class=\"wp-block-columns\"><!-- wp:column {\"verticalAlignment\":\"center\",\"width\":\"40%\"} -->\n<div class=\"wp-block-column is-vertically-aligned-center\" style=\"flex-basis:40%\"><!-- wp:heading -->\n<h2 id=\"concept\">Concept</h2>\n<!-- /wp:heading --></div>\n<!-- /wp:column -->\n\n<!-- wp:column {\"width\":\"60%\"} -->\n<div class=\"wp-block-column\" style=\"flex-basis:60%\"><!-- wp:paragraph -->\n<p>ダミー文章。ダミー文章。ダミー文章。ダミー文章。ダミー文章。ダミー文章。ダミー文章。ダミー文章。ダミー文章。ダミー文章。ダミー文章。ダミー文章。ダミー文章。ダミー文章。ダミー文章。ダミー文章。ダミー文章。ダミー文章。ダミー文章。ダミー文章。ダミー文章。</p>\n<!-- /wp:paragraph --></div>\n<!-- /wp:column --></div>\n<!-- /wp:columns --></div></div>\n<!-- /wp:media-text -->\n\n<!-- wp:media-text {\"align\":\"full\",\"mediaId\":30,\"mediaLink\":\"https://plchldr.co/i/450x450?bg=cccccc\",\"mediaType\":\"image\",\"imageFill\":true} -->\n<div class=\"wp-block-media-text alignfull is-stacked-on-mobile is-image-fill\"><figure class=\"wp-block-media-text__media\" style=\"background-image:url(https://plchldr.co/i/450x450?bg=cccccc);background-position:50% 50%\"><img src=\"https://plchldr.co/i/450x450?bg=cccccc\" alt=\"\" class=\"wp-image-30 size-full\"/></figure><div class=\"wp-block-media-text__content\"><!-- wp:columns -->\n<div class=\"wp-block-columns\"><!-- wp:column {\"verticalAlignment\":\"center\",\"width\":\"40%\"} -->\n<div class=\"wp-block-column is-vertically-aligned-center\" style=\"flex-basis:40%\"><!-- wp:heading -->\n<h2 id=\"my-atelier\">My Atelier</h2>\n<!-- /wp:heading --></div>\n<!-- /wp:column -->\n\n<!-- wp:column {\"width\":\"60%\"} -->\n<div class=\"wp-block-column\" style=\"flex-basis:60%\"><!-- wp:paragraph -->\n<p>ダミー文章。ダミー文章。ダミー文章。ダミー文章。ダミー文章。ダミー文章。ダミー文章。ダミー文章。ダミー文章。ダミー文章。ダミー文章。ダミー文章。ダミー文章。ダミー文章。ダミー文章。ダミー文章。ダミー文章。ダミー文章。ダミー文章。ダミー文章。ダミー文章。</p>\n<!-- /wp:paragraph --></div>\n<!-- /wp:column --></div>\n<!-- /wp:columns --></div></div>\n<!-- /wp:media-text --></div>\n<!-- /wp:group -->"
}
