{
	"title": "キービジュアル",
	"categories": [
		"tt1skin"
	],
	"blockTypes": [
		"core/columns"
	],
	"content": "<!-- wp:group {\"align\":\"full\",\"className\":\"ttlflower-top-visual\"} -->\n<div class=\"wp-block-group alignfull ttlflower-top-visual\"><!-- wp:gallery {\"linkTo\":\"none\"} -->\n<figure class=\"wp-block-gallery columns-3 is-cropped\"><ul class=\"blocks-gallery-grid\"><li class=\"blocks-gallery-item\"><figure><img src=\"https://plchldr.co/i/600x600?bg=cccccc\" alt=\"\" /></figure></li><li class=\"blocks-gallery-item\"><figure><img src=\"https://plchldr.co/i/820x820?bg=cccccc\" alt=\"\" /></figure></li><li class=\"blocks-gallery-item\"><figure><img src=\"https://plchldr.co/i/420x420?bg=cccccc\" alt=\"\"/></figure></li></ul></figure>\n<!-- /wp:gallery -->\n\n<!-- wp:columns {\"align\":\"full\"} -->\n<div class=\"wp-block-columns alignfull\"><!-- wp:column -->\n<div class=\"wp-block-column\"><!-- wp:paragraph {\"align\":\"center\",\"style\":{\"typography\":{\"lineHeight\":\"1\"}},\"fontSize\":\"large\"} -->\n<p class=\"has-text-align-center has-large-font-size\" style=\"line-height:1\"><strong>リードテキスト</strong></p>\n<!-- /wp:paragraph -->\n\n<!-- wp:heading {\"textAlign\":\"center\",\"level\":1,\"style\":{\"typography\":{\"lineHeight\":\"1\"}},\"fontSize\":\"extra-large\"} -->\n<h1 class=\"has-text-align-center has-extra-large-font-size\" style=\"line-height:1\"><strong>サイトタイトル的な何か</strong></h1>\n<!-- /wp:heading --></div>\n<!-- /wp:column -->\n\n<!-- wp:column -->\n<div class=\"wp-block-column\"><!-- wp:paragraph {\"align\":\"center\",\"style\":{\"typography\":{\"fontSize\":\"70px\"}}} -->\n<p class=\"has-text-align-center\" style=\"font-size:70px\">A Wonderful Life<br>with Flowers</p>\n<!-- /wp:paragraph --></div>\n<!-- /wp:column --></div>\n<!-- /wp:columns --></div>\n<!-- /wp:group -->"
}