{
    "name": "theidbrewing",
    "version": "0.0.6",
    "settings": {
        "google_fonts_url": "https://fonts.googleapis.com/css2?family=Noto+Sans+JP:wght@300;400;700&family=Open+Sans:wght@600&family=Space+Mono:wght@400;700&display=swap",
        "color": {
            "palette": [
                {
                    "name": "プライマリー",
                    "slug": "primary",
                    "color": "#540CED"
                },
                {
                    "name": "文字色",
                    "slug": "body",
                    "color": "#1C0120"
                },
                {
                    "name": "背景色",
                    "slug": "base",
                    "color": "#FBFBFB"
                },
                {
                    "name": "アクセント1",
                    "slug": "accent-01",
                    "color": "#B900D8"
                },
                {
                    "name": "アクセント2",
                    "slug": "accent-02",
                    "color": "#ED2455"
                },
                {
                    "name": "アクセント3",
                    "slug": "accent-03",
                    "color": "#EDE12F"
                }
            ]
        }
    }
}
