{
    "name": "theidbrewing",
    "version": "0.1.6",
    "settings": {
        "google_fonts_url": "https://fonts.googleapis.com/css2?family=Noto+Sans+JP:wght@300;400;700&family=Open+Sans:wght@600&family=Space+Mono:wght@400;700&display=swap",
        "color": {
            "palette": [
                {
                    "name": "プライマリー",
                    "slug": "primary",
                    "color": "#540CED"
                },
                {
                    "name": "文字色",
                    "slug": "body",
                    "color": "#1C0120"
                },
                {
                    "name": "背景色",
                    "slug": "base",
                    "color": "#FBFBFB"
                },
                {
                    "name": "アクセント1",
                    "slug": "accent-01",
                    "color": "#B900D8"
                },
                {
                    "name": "アクセント2",
                    "slug": "accent-02",
                    "color": "#ED2455"
                },
                {
                    "name": "アクセント3",
                    "slug": "accent-03",
                    "color": "#EDE12F"
                }
            ],
            "gradients": [
                {
                    "slug": "shadow01",
                    "gradient": "linear-gradient(104deg,rgb(0,0,0) 0%,rgba(255,255,255,0) 90%)",
                    "name": "シャドウ01"
                },
                {
                    "slug": "shadow02",
                    "gradient": "radial-gradient(rgba(0,0,0,0.18) 0%,rgb(0,0,0) 100%)",
                    "name": "シャドウ02"
                }
            ]
        },
        "fontSizes": [
            {
                "slug": "x-small",
                "size": "clamp(0.65rem, 0.9vw, 0.9rem)",
                "name": "極小"
            },
            {
                "slug": "small",
                "size": "clamp(0.9rem, 1vw, 1.05rem)",
                "name": "小"
            },
            {
                "slug": "large",
                "size": "clamp(1.25rem, 2vw, 1.5rem)",
                "name": "大"
            },
            {
                "slug": "extra-large",
                "size": "clamp(2rem, 3vw, 3.2rem)",
                "name": "特大"
            },
            {
                "slug": "huge",
                "size": "clamp(2.8rem, 4.5vw, 5.8rem)",
                "name": "超特大"
            },
            {
                "slug": "gigantic",
                "size": "clamp(3.5rem, 6.5vw, 7.8rem)",
                "name": "巨大"
            }
        ]
    },
    "block_pattern" : [
        "card--member",
        "card"
    ]
}